Slider,x,first,second
1973,'Australia',46.285863,0.0
1973,'Belgium',39.251336,0.0
1973,'Brazil',0.0,312.075045
1973,'Canada',437.928427,0.0
1973,'Chile',0.0,88.056078
1973,'Colombia',0.0,549.944785
1973,'Cyprus',0.0,9.613414
1973,'France',247.189555,0.0
1973,'Germany',562.232384,0.0
1973,'India',0.0,2285.256534
1973,'Italy',166.719069,0.0
1973,'Japan',938.96588,0.0
1973,'Korea',0.0,1363.706959
1973,'Kuwait',0.0,0.325483
1973,'Netherlands',162.750945,0.0
1973,'Norway',35.874848,0.0
1973,'Saudi Arabia',0.0,0.065097
1973,'Sweden',168.369255,0.0
1973,'Switzerland',14.060941,0.0
1973,'Thailand',0.0,206.363405
1973,'United Arab Emirates',0.0,0.065097
1973,'United Kingdom',442.579189,0.0
1973,'United States',1553.264205,0.0
1974,'Australia',26.950877,0.0
1974,'Austria',24.126329,0.0
1974,'Belgium',43.588598,0.0
1974,'Brazil',0.0,306.601048
1974,'Canada',68.502158,0.0
1974,'Chile',0.0,257.689227
1974,'Colombia',0.0,203.545814
1974,'Cyprus',0.0,16.432279
1974,'Denmark',56.839286,0.0
1974,'France',367.384662,0.0
1974,'Germany',698.168091,0.0
1974,'India',0.0,3697.747278
1974,'Japan',2730.202327,0.0
1974,'Korea',0.0,1455.639048
1974,'Netherlands',323.468392,0.0
1974,'Norway',94.887523,0.0
1974,'Sweden',30.29933,0.0
1974,'Switzerland',64.549529,0.0
1974,'Taiwan',0.0,0.115048
1974,'Thailand',0.0,867.668418
1974,'United Kingdom',1405.378815,0.0
1974,'United States',871.092243,0.0
1975,'Australia',77.691781,0.0
1975,'Belgium',38.863307,0.0
1975,'Brazil',0.0,100.725686
1975,'Canada',93.027681,0.0
1975,'Chile',0.0,365.408442
1975,'Colombia',0.0,145.779156
1975,'Cyprus',0.0,5.864941
1975,'Denmark',10.392556,0.0
1975,'France',192.416969,0.0
1975,'Germany',833.859928,0.0
1975,'India',0.0,3000.656166
1975,'Japan',1339.039677,0.0
1975,'Korea',0.0,299.226023
1975,'Netherlands',130.708382,0.0
1975,'Norway',64.575343,0.0
1975,'Sweden',201.059589,0.0
1975,'Switzerland',103.204755,0.0
1975,'Thailand',0.0,333.639956
1975,'United Kingdom',222.187891,0.0
1975,'United States',944.272511,0.0
1976,'Australia',27.71807,0.0
1976,'Austria',12.981849,0.0
1976,'Belgium',36.126619,0.0
1976,'Brazil',0.0,83.580485
1976,'Canada',116.287322,0.0
1976,'Chile',0.0,155.551297
1976,'Colombia',0.0,143.082677
1976,'Cyprus',0.0,31.022257
1976,'Denmark',28.849377,0.0
1976,'France',183.658423,0.0
1976,'Germany',639.963734,0.0
1976,'India',0.0,2233.586413
1976,'Italy',35.601469,0.0
1976,'Japan',762.168614,0.0
1976,'Korea',0.0,938.952566
1976,'Kuwait',206.494798,0.0
1976,'Netherlands',426.34916,0.0
1976,'Norway',10.419282,0.0
1976,'Sweden',151.806434,0.0
1976,'Switzerland',43.577287,0.0
1976,'Thailand',0.0,110.042103
1976,'United Arab Emirates',64.911546,0.0
1976,'United Kingdom',51.613566,0.0
1976,'United States',897.290248,0.0
1977,'Australia',72.648152,0.0
1977,'Austria',2.608725,0.0
1977,'Belgium',35.853879,0.0
1977,'Brazil',0.0,501.438883
1977,'Canada',38.957778,0.0
1977,'Chile',0.0,2.568149
1977,'Colombia',0.0,67.799905
1977,'Cyprus',0.0,20.945184
1977,'Denmark',112.241594,0.0
1977,'France',168.900067,0.0
1977,'Germany',617.148856,0.0
1977,'India',0.0,3197.135157
1977,'Japan',1479.116934,0.0
1977,'Korea',0.0,418.471898
1977,'Kuwait',86.642765,0.0
1977,'Netherlands',352.515092,0.0
1977,'Norway',60.13361,0.0
1977,'Saudi Arabia',540.365522,0.0
1977,'Sweden',143.468255,0.0
1977,'Switzerland',111.194695,0.0
1977,'Taiwan',0.0,0.163198
1977,'Thailand',0.0,715.883953
1977,'United Arab Emirates',0.0,3.599299
1977,'United Kingdom',860.011341,0.0
1977,'United States',246.198361,0.0
1978,'Australia',47.483698,0.0
1978,'Austria',27.058314,0.0
1978,'Belgium',32.189217,0.0
1978,'Brazil',0.0,151.531351
1978,'Canada',100.516271,0.0
1978,'Chile',0.0,4.418418
1978,'Colombia',0.0,54.438681
1978,'Cyprus',0.0,0.046647
1978,'Denmark',2.086036,0.0
1978,'France',97.437457,0.0
1978,'Germany',410.412482,0.0
1978,'India',0.0,2927.325215
1978,'Japan',1429.32664,0.0
1978,'Korea',0.0,801.254989
1978,'Kuwait',103.885863,0.0
1978,'Netherlands',231.844808,0.0
1978,'Norway',147.255461,0.0
1978,'Saudi Arabia',251.262679,0.622892
1978,'Sweden',472.112462,0.0
1978,'Switzerland',35.883359,0.0
1978,'Thailand',0.0,859.278853
1978,'United Kingdom',971.709388,0.0
1978,'United States',438.452911,0.0
1979,'Australia',9.763598,0.0
1979,'Austria',2.480539,0.0
1979,'Belgium',30.801519,0.0
1979,'Brazil',0.0,167.462062
1979,'Canada',80.241209,0.0
1979,'Chile',0.0,49.451759
1979,'Colombia',0.0,15.388003
1979,'Cyprus',0.0,15.837039
1979,'Denmark',35.943903,0.0
1979,'France',25.058027,0.0
1979,'Germany',787.807347,0.0
1979,'India',0.0,1622.748901
1979,'Japan',1014.747194,0.0
1979,'Korea',0.0,146.708076
1979,'Kuwait',59.307807,0.0
1979,'Netherlands',82.256186,0.0
1979,'Norway',140.327273,0.0
1979,'Saudi Arabia',0.0,12.01422
1979,'Sweden',253.701905,0.0
1979,'Switzerland',67.821487,0.0
1979,'Thailand',0.0,1283.439829
1979,'United Kingdom',5.012313,0.0
1979,'United States',717.779582,0.0
1980,'Australia',23.28379,54.50226
1980,'Austria',2.720513,157.632201
1980,'Belgium',0.0,147.8685
1980,'Brazil',0.0,397.591374
1980,'Canada',139.264006,531.674896
1980,'Chile',0.0,17.218386
1980,'Colombia',0.0,257.368296
1980,'Cyprus',0.0,87.110643
1980,'Denmark',96.58594,104.288895
1980,'France',360.323267,116.609845
1980,'Germany',654.031054,0.0
1980,'Greece',0.0,115.371982
1980,'Iceland',0.0,18.060045
1980,'India',0.0,2968.245303
1980,'Ireland',0.0,30.268231
1980,'Italy',0.0,894.504816
1980,'Japan',1826.375443,264.768921
1980,'Korea',0.0,2625.763424
1980,'Kuwait',23.153412,0.0
1980,'Netherlands',352.628199,0.0
1980,'New Zealand',0.0,11.703716
1980,'Norway',41.738095,43.725131
1980,'Poland',0.0,75.000451
1980,'Portugal',0.0,4.13616
1980,'Romania',0.0,44.381441
1980,'Saudi Arabia',112.421249,120.375527
1980,'Spain',0.0,285.026867
1980,'Sweden',10.679246,35.282669
1980,'Switzerland',10.028652,0.0
1980,'Taiwan',0.0,374.058844
1980,'Thailand',0.0,902.852253
1980,'United Arab Emirates',0.0,0.174742
1980,'United Kingdom',567.31147,399.202551
1980,'United States',6864.224034,0.0
1981,'Australia',18.425831,747.648005
1981,'Austria',53.422527,0.163916
1981,'Belgium',61.917902,36.477733
1981,'Brazil',0.0,1019.510084
1981,'Canada',546.970726,2540.405789
1981,'Chile',0.0,24.802202
1981,'Colombia',0.0,176.100059
1981,'Cyprus',0.0,110.234644
1981,'Denmark',215.721283,0.0
1981,'France',277.458713,120.922782
1981,'Germany',751.727169,0.0
1981,'Greece',0.0,26.046686
1981,'India',0.0,3706.661088
1981,'Ireland',0.0,58.605044
1981,'Italy',0.0,3.585196
1981,'Japan',2935.257275,446.92076
1981,'Korea',0.0,1656.173571
1981,'Kuwait',298.564124,0.078425
1981,'Liechtenstein',0.199326,18.26437
1981,'Netherlands',270.695825,0.0
1981,'New Zealand',0.752775,0.0
1981,'Norway',51.124921,130.936843
1981,'Poland',0.0,0.03541
1981,'Portugal',0.0,144.76531
1981,'Romania',0.0,262.077414
1981,'Saudi Arabia',131.496682,409.548081
1981,'Spain',0.0,199.457361
1981,'Sweden',151.539023,24.474486
1981,'Switzerland',18.045799,0.0
1981,'Taiwan',0.0,312.886996
1981,'Thailand',0.0,1178.204797
1981,'United Arab Emirates',0.0,1.813286
1981,'United Kingdom',7.198102,558.141413
1981,'United States',8124.423748,0.0
1982,'Australia',10.458375,2.59945
1982,'Austria',0.272169,58.590672
1982,'Brazil',0.0,577.695039
1982,'Canada',87.937147,170.174807
1982,'Chile',0.0,25.718071
1982,'Colombia',0.0,1228.919949
1982,'Cyprus',0.0,31.348629
1982,'Denmark',122.090821,0.0
1982,'France',446.54374,0.0
1982,'Germany',853.843929,0.0
1982,'India',0.0,2822.105457
1982,'Italy',0.0,0.663971
1982,'Japan',1471.338041,0.0
1982,'Korea',0.0,216.083049
1982,'Kuwait',181.627819,0.0
1982,'Liechtenstein',0.734297,0.0
1982,'Netherlands',163.308875,0.0
1982,'New Zealand',0.572352,213.884594
1982,'Norway',110.623404,63.586018
1982,'Poland',0.0,0.070326
1982,'Saudi Arabia',0.0,197.083911
1982,'Spain',0.0,77.22758
1982,'Sweden',147.903816,0.0
1982,'Switzerland',63.684924,0.0
1982,'Taiwan',0.0,617.069786
1982,'Thailand',0.0,1595.007194
1982,'United Arab Emirates',0.0,0.936588
1982,'United Kingdom',775.33473,0.0
1982,'United States',3462.490652,0.0
1983,'Australia',7.388539,0.0
1983,'Austria',17.235616,0.0
1983,'Belgium',46.243316,0.0
1983,'Brazil',0.0,129.429939
1983,'Canada',148.016945,0.0
1983,'Chile',0.0,33.869655
1983,'Colombia',0.0,110.714529
1983,'Cyprus',0.0,51.405078
1983,'Denmark',84.368125,0.0
1983,'Finland',3.51706,70.538468
1983,'France',164.059809,0.0
1983,'Germany',494.657126,0.0
1983,'India',0.0,2653.699004
1983,'Italy',33.51346,147.595542
1983,'Japan',1760.860027,0.0
1983,'Korea',0.0,665.624126
1983,'Kuwait',154.970641,0.0
1983,'Liechtenstein',0.063282,0.0
1983,'Netherlands',305.883422,0.0
1983,'New Zealand',0.216892,0.0
1983,'Poland',0.0,0.063282
1983,'Saudi Arabia',79.371799,206.745775
1983,'Sweden',136.226862,0.0
1983,'Switzerland',190.42709,0.0
1983,'Taiwan',0.0,54.105626
1983,'Thailand',0.0,1165.432587
1983,'United Arab Emirates',0.0,0.598545
1983,'United Kingdom',571.67992,0.0
1983,'United States',1091.122225,0.0
1984,'Australia',3.698286,0.0
1984,'Brazil',0.0,643.593148
1984,'Canada',691.336664,153.022875
1984,'Chile',0.0,314.012953
1984,'Colombia',0.0,204.495135
1984,'Cyprus',0.0,79.282641
1984,'Denmark',131.061636,62.021691
1984,'Finland',0.0,26.553629
1984,'France',367.362828,0.0
1984,'Germany',950.183614,0.0
1984,'India',0.0,4584.531386
1984,'Italy',225.774377,551.936148
1984,'Japan',2565.737016,166.832089
1984,'Korea',0.0,891.180603
1984,'Kuwait',27.051193,0.0
1984,'Netherlands',192.857428,0.0
1984,'Norway',101.664449,0.0
1984,'Portugal',0.0,1.82651
1984,'Saudi Arabia',346.714096,59.201063
1984,'Sweden',133.481767,0.0
1984,'Switzerland',116.248354,0.0
1984,'Taiwan',0.0,247.894043
1984,'Thailand',0.0,1135.099078
1984,'United Arab Emirates',0.0,0.505928
1984,'United Kingdom',753.538727,0.0
1984,'United States',2515.278485,0.0
1985,'Australia',6.929573,0.0
1985,'Austria',87.348212,0.0
1985,'Belgium',4.191839,0.0
1985,'Brazil',0.0,1150.188786
1985,'Canada',146.523445,0.0
1985,'Chile',0.0,624.81134
1985,'Colombia',0.0,835.091486
1985,'Cyprus',0.0,39.214175
1985,'Denmark',154.044569,0.0
1985,'France',212.486003,0.0
1985,'Germany',1590.619838,0.0
1985,'Greece',0.0,36.819257
1985,'Hungary',0.0,31.296368
1985,'India',0.0,1837.835819
1985,'Italy',164.182162,0.0
1985,'Japan',2525.82788,269.876498
1985,'Korea',0.0,907.605958
1985,'Kuwait',0.0,0.52441
1985,'Netherlands',75.285016,0.0
1985,'New Zealand',4.831732,0.0
1985,'Norway',85.932533,0.0
1985,'Poland',0.0,1014.259163
1985,'Saudi Arabia',128.074768,35.529584
1985,'Sweden',123.90361,0.0
1985,'Switzerland',52.165585,0.0
1985,'Taiwan',0.0,28.782961
1985,'Thailand',0.0,1151.123605
1985,'United Arab Emirates',0.0,136.260119
1985,'United Kingdom',1.255318,0.0
1985,'United States',2735.617446,0.0
1986,'Australia',25.229662,0.0
1986,'Austria',15.801537,0.0
1986,'Brazil',0.0,398.238987
1986,'Canada',392.105553,0.0
1986,'Chile',0.0,123.522992
1986,'Colombia',0.0,310.212012
1986,'Cyprus',0.0,56.716357
1986,'Denmark',110.720962,0.0
1986,'Finland',0.0,83.529726
1986,'France',296.394154,0.0
1986,'Germany',539.033266,0.0
1986,'India',0.0,3003.947484
1986,'Italy',48.874532,0.0
1986,'Japan',1341.662477,130.559708
1986,'Korea',0.0,119.590826
1986,'Kuwait',84.167688,0.0
1986,'Netherlands',379.878579,0.0
1986,'Norway',9.848663,0.0
1986,'Poland',0.0,7.204596
1986,'Portugal',0.0,21.863247
1986,'Saudi Arabia',35.99622,36.516861
1986,'Sweden',198.445181,0.0
1986,'Switzerland',35.598036,0.0
1986,'Taiwan',0.0,21.795291
1986,'Thailand',0.0,762.121484
1986,'United Kingdom',227.395004,0.0
1986,'United States',1334.668057,0.0
1987,'Australia',18.309923,0.0
1987,'Austria',0.077374,0.0
1987,'Brazil',0.0,688.641987
1987,'Canada',331.152346,0.0
1987,'Chile',0.0,62.625327
1987,'Colombia',0.0,74.058995
1987,'Cyprus',0.0,29.088415
1987,'Denmark',149.837777,0.0
1987,'Finland',1.482877,0.0
1987,'France',254.311333,0.0
1987,'Germany',788.04073,0.0
1987,'India',0.0,4191.375895
1987,'Italy',282.071099,0.0
1987,'Japan',1770.174669,525.123264
1987,'Korea',0.0,482.793059
1987,'Netherlands',573.020364,0.0
1987,'Norway',244.641035,0.0
1987,'Saudi Arabia',72.707674,0.0
1987,'South Africa',0.0,105.825534
1987,'Sweden',72.374249,0.0
1987,'Switzerland',87.982342,0.0
1987,'Taiwan',0.0,14.965414
1987,'Thailand',0.0,1016.033769
1987,'United Arab Emirates',0.0,131.76027
1987,'United Kingdom',829.894066,0.0
1987,'United States',1846.214071,0.0
1988,'Australia',1.75835,0.0
1988,'Austria',0.400964,0.0
1988,'Brazil',0.0,319.508348
1988,'Canada',149.433255,0.0
1988,'Chile',0.0,73.33155
1988,'Colombia',0.0,234.020126
1988,'Cyprus',0.0,60.836704
1988,'Denmark',119.57781,0.0
1988,'Finland',0.447649,0.0
1988,'France',274.04047,0.0
1988,'Germany',757.183394,0.0
1988,'Greece',0.0,37.727914
1988,'India',0.0,3844.238228
1988,'Italy',116.403581,0.0
1988,'Japan',3320.238368,0.0
1988,'Korea',0.0,438.174916
1988,'Kuwait',43.914563,30.421288
1988,'Netherlands',277.081548,0.0
1988,'Norway',20.840875,0.0
1988,'Poland',0.0,11.464751
1988,'Portugal',0.0,2.538321
1988,'Qatar',0.0,9.137956
1988,'Saudi Arabia',0.0,42.431775
1988,'South Africa',0.0,0.110849
1988,'Sweden',185.535976,0.0
1988,'Switzerland',32.738889,0.0
1988,'Taiwan',0.0,29.459009
1988,'Thailand',0.0,1297.612686
1988,'United Kingdom',80.251575,0.0
1988,'United States',1051.167154,0.0
1989,'Australia',163.270223,0.0
1989,'Austria',18.299145,0.0
1989,'Belgium',183.930257,0.0
1989,'Brazil',0.0,470.795753
1989,'Canada',95.861356,1.961661
1989,'Chile',0.0,152.22926
1989,'Colombia',0.0,200.318505
1989,'Cyprus',0.0,32.61281
1989,'Denmark',133.430275,0.0
1989,'Finland',16.60855,0.0
1989,'France',469.783071,0.0
1989,'Germany',3020.847013,0.0
1989,'Hungary',0.0,1.48225
1989,'India',0.0,3091.093501
1989,'Italy',112.626078,0.0
1989,'Japan',582.793544,0.0
1989,'Korea',0.0,233.488453
1989,'Kuwait',43.493083,0.0
1989,'Liechtenstein',0.011161,0.0
1989,'Netherlands',472.821276,0.0
1989,'Norway',51.903997,0.0
1989,'Poland',0.0,2608.739881
1989,'Qatar',0.0,2.9491
1989,'Romania',0.0,5.092048
1989,'South Africa',0.0,320.399942
1989,'Spain',100.535177,0.0
1989,'Sweden',946.284591,0.0
1989,'Switzerland',75.386666,0.0
1989,'Taiwan',0.0,75.026666
1989,'Thailand',0.0,626.032718
1989,'United Kingdom',269.229353,0.0
1989,'United States',1065.107732,0.0
1990,'Australia',93.432068,0.0
1990,'Austria',3.458667,0.0
1990,'Belgium',187.058124,0.0
1990,'Brazil',0.0,546.41016
1990,'Canada',146.349,0.0
1990,'Chile',0.0,260.281186
1990,'Colombia',0.0,539.309295
1990,'Cyprus',0.0,11.768247
1990,'Czech Republic',0.0,0.549039
1990,'Denmark',58.616306,0.0
1990,'Finland',4.220992,0.0
1990,'France',586.988135,0.0
1990,'Germany',3382.157543,0.0
1990,'Hungary',0.0,315.616677
1990,'India',0.0,2036.236423
1990,'Ireland',0.0,46.238132
1990,'Italy',136.489843,0.0
1990,'Japan',2604.458951,0.0
1990,'Korea',0.0,1095.572646
1990,'Kuwait',0.0,0.001568
1990,'Latvia',0.0,0.54306
1990,'Liechtenstein',0.299897,0.0
1990,'Netherlands',207.9802,0.0
1990,'Norway',22.442656,0.0
1990,'Poland',0.0,3069.497876
1990,'Romania',0.0,0.299897
1990,'South Africa',0.0,271.828896
1990,'Spain',33.91295,0.0
1990,'Sweden',400.387605,0.0
1990,'Switzerland',123.834846,0.0
1990,'Thailand',0.0,1790.643316
1990,'United Kingdom',270.402953,0.0
1990,'United States',1722.305682,0.0
1991,'Australia',518.306838,0.0
1991,'Austria',43.662774,0.0
1991,'Brazil',0.0,1398.521154
1991,'Canada',79.132048,0.0
1991,'Chile',0.0,575.85975
1991,'Colombia',0.0,484.986642
1991,'Cyprus',0.0,24.108788
1991,'Czech Republic',0.0,392.264026
1991,'Denmark',80.582842,0.0
1991,'Estonia',0.0,0.990684
1991,'Finland',30.659992,0.0
1991,'France',75.995551,0.0
1991,'Germany',323.668836,0.0
1991,'Greece',0.0,303.412067
1991,'Hungary',0.0,624.227866
1991,'India',0.0,3660.869551
1991,'Ireland',0.0,6.065209
1991,'Italy',138.712028,0.0
1991,'Japan',4702.296751,0.0
1991,'Korea',0.0,39.850875
1991,'Kuwait',0.0,10.244282
1991,'Latvia',0.0,0.398476
1991,'Lithuania',0.0,0.455029
1991,'Netherlands',233.871628,0.0
1991,'Norway',58.788041,0.0
1991,'Poland',0.0,326.279481
1991,'Romania',0.0,2.904763
1991,'Saudi Arabia',0.0,89.458009
1991,'South Africa',0.0,64.650922
1991,'Spain',134.87373,0.0
1991,'Sweden',173.278658,0.0
1991,'Switzerland',157.754122,0.0
1991,'Taiwan',0.0,5.446049
1991,'Thailand',0.0,1898.189675
1991,'United Kingdom',270.595943,0.0
1991,'United States',2887.003516,0.0
1992,'Australia',57.379649,193.553716
1992,'Austria',7.690278,0.0
1992,'Belgium',470.688315,0.0
1992,'Brazil',0.0,269.771857
1992,'Canada',203.523019,0.0
1992,'Chile',0.0,686.092378
1992,'Colombia',0.0,492.185858
1992,'Cyprus',0.0,29.261936
1992,'Czech Republic',0.0,212.986243
1992,'Denmark',40.778102,0.0
1992,'Estonia',0.0,16.023398
1992,'Finland',69.776266,0.0
1992,'France',220.827059,0.0
1992,'Germany',8552.232648,0.0
1992,'Hungary',0.0,179.864578
1992,'India',0.0,5341.953099
1992,'Italy',170.049742,0.0
1992,'Japan',2865.776832,0.0
1992,'Korea',0.0,3.337566
1992,'Kuwait',6.635123,7406.838194
1992,'Latvia',0.0,106.443347
1992,'Lithuania',0.0,8.257205
1992,'Netherlands',269.752132,0.0
1992,'Norway',40.11776,62.668301
1992,'Poland',0.0,9141.850218
1992,'Romania',0.0,174.75662
1992,'Saudi Arabia',0.0,148.479604
1992,'Slovenia',0.0,10.62491
1992,'South Africa',0.0,234.490451
1992,'Sweden',272.478628,0.0
1992,'Switzerland',31.332667,0.0
1992,'Thailand',0.0,1014.335727
1992,'United Kingdom',1055.458482,0.0
1992,'United States',11399.278504,0.0
1993,'Australia',37.557879,79.262311
1993,'Austria',8.599286,132.570772
1993,'Belgium',75.567601,0.0
1993,'Brazil',0.0,726.672442
1993,'Canada',129.123101,83.925439
1993,'Chile',0.0,246.885634
1993,'Colombia',0.0,648.542403
1993,'Cyprus',0.0,42.046495
1993,'Czech Republic',0.0,170.159661
1993,'Denmark',67.06286,0.0
1993,'Estonia',0.0,38.33784
1993,'Finland',15.643128,0.0
1993,'France',246.959806,0.0
1993,'Germany',450.749201,0.0
1993,'Hungary',0.0,322.532354
1993,'India',0.0,1327.287513
1993,'Italy',124.373956,277.419753
1993,'Japan',2494.054534,0.0
1993,'Korea',0.0,3.157283
1993,'Kuwait',25.46123,0.0
1993,'Latvia',0.0,52.648796
1993,'Liechtenstein',0.124845,0.0
1993,'Lithuania',0.0,73.709134
1993,'Luxembourg',0.0,415.719806
1993,'Netherlands',213.7,0.0
1993,'Norway',72.847215,67.085688
1993,'Poland',0.0,367.250867
1993,'Qatar',0.0,9.564499
1993,'Romania',0.0,92.433527
1993,'Slovak Republic',0.0,9.121048
1993,'Slovenia',0.0,2.60952
1993,'South Africa',0.0,541.955585
1993,'Spain',36.693281,0.0
1993,'Sweden',117.438835,0.0
1993,'Switzerland',43.709522,0.0
1993,'Thailand',0.0,3338.548445
1993,'United Kingdom',407.941751,0.0
1993,'United States',4501.838784,0.0
1994,'Australia',62.005978,321.233163
1994,'Austria',0.496076,0.0
1994,'Belgium',26.867841,0.0
1994,'Brazil',0.0,2807.702721
1994,'Canada',83.43599,0.0
1994,'Chile',0.0,98.616016
1994,'Colombia',0.0,303.016912
1994,'Cyprus',0.0,46.104382
1994,'Czech Republic',0.0,487.593167
1994,'Denmark',110.63737,0.0
1994,'Estonia',0.0,25.652518
1994,'Finland',30.027227,0.0
1994,'France',242.597753,0.0
1994,'Germany',380.199578,0.0
1994,'Hungary',0.0,393.976481
1994,'India',0.0,4096.778597
1994,'Italy',25.80654,524.992994
1994,'Japan',2667.081144,0.0
1994,'Korea',0.0,1076.359694
1994,'Kuwait',0.0,6.860796
1994,'Latvia',0.0,28.380386
1994,'Liechtenstein',0.086232,0.0
1994,'Lithuania',0.0,28.739967
1994,'Netherlands',269.718206,0.0
1994,'Norway',126.824955,0.0
1994,'Poland',0.0,431.842731
1994,'Qatar',0.0,1.252342
1994,'Romania',0.0,47.195859
1994,'Saudi Arabia',0.0,5.682814
1994,'Slovak Republic',0.0,52.553361
1994,'Slovenia',0.0,12.375582
1994,'South Africa',0.0,516.230795
1994,'Spain',6.797785,0.0
1994,'Sweden',171.45049,0.0
1994,'Switzerland',40.39594,0.0
1994,'Taiwan',45.628882,2.655902
1994,'Thailand',0.0,1416.098158
1994,'United Arab Emirates',0.0,9.485289
1994,'United Kingdom',297.003626,0.0
1994,'United States',8154.319014,0.0
1995,'Australia',87.263724,343.759453
1995,'Austria',2.349112,0.0
1995,'Belgium',45.999593,0.0
1995,'Brazil',0.0,2573.830958
1995,'Canada',140.853583,0.0
1995,'Chile',0.0,326.285394
1995,'Colombia',0.0,586.866583
1995,'Cyprus',0.0,1.233692
1995,'Czech Republic',0.0,182.015721
1995,'Denmark',73.451287,0.0
1995,'Estonia',0.0,18.418713
1995,'Finland',20.700602,0.0
1995,'France',184.288339,0.0
1995,'Germany',3308.855279,0.0
1995,'Hungary',0.0,330.369147
1995,'India',0.0,2704.173002
1995,'Italy',1397.467126,0.0
1995,'Japan',2880.751774,0.0
1995,'Korea',0.0,3.947605
1995,'Kuwait',0.0,302.540263
1995,'Latvia',0.0,39.0089
1995,'Lithuania',0.0,83.881095
1995,'Netherlands',284.400704,0.0
1995,'New Zealand',1.551034,0.0
1995,'Norway',73.931976,0.0
1995,'Poland',0.0,3376.022477
1995,'Qatar',0.0,0.34643
1995,'Romania',0.0,189.810215
1995,'Saudi Arabia',0.0,7.397882
1995,'Slovak Republic',0.0,75.586685
1995,'Slovenia',0.0,7.405043
1995,'South Africa',0.0,626.257607
1995,'Spain',24.737384,0.0
1995,'Sweden',233.739645,0.0
1995,'Switzerland',37.875588,0.0
1995,'Taiwan',0.0,2.561779
1995,'Thailand',0.0,792.655526
1995,'United Arab Emirates',0.0,1.579978
1995,'United Kingdom',385.163028,0.0
1995,'United States',3392.57437,0.0
1996,'Australia',80.468022,0.0
1996,'Austria',31.48581,0.056293
1996,'Belgium',25.987887,0.0
1996,'Brazil',0.0,1902.899155
1996,'Canada',240.599471,0.0
1996,'Chile',0.0,66.19593
1996,'Colombia',0.0,1052.281529
1996,'Cyprus',0.0,17.809922
1996,'Czech Republic',4.724939,35.124917
1996,'Denmark',244.01386,0.0
1996,'Estonia',0.0,30.94297
1996,'Finland',20.289146,0.0
1996,'France',310.518112,0.0
1996,'Germany',474.37818,0.0
1996,'Hungary',0.0,349.275403
1996,'India',0.0,4151.165519
1996,'Italy',26.143275,0.0
1996,'Japan',3905.453074,0.0
1996,'Korea',0.0,369.583888
1996,'Kuwait',21.381183,0.612124
1996,'Latvia',0.0,25.04488
1996,'Liechtenstein',0.141858,0.0
1996,'Lithuania',0.0,89.02673
1996,'Netherlands',328.972856,0.0
1996,'Norway',66.497399,0.0
1996,'Poland',0.0,359.200576
1996,'Portugal',0.331133,0.0
1996,'Qatar',0.0,0.836714
1996,'Romania',0.0,240.362515
1996,'Saudi Arabia',0.0,2.409008
1996,'Slovak Republic',0.0,120.767538
1996,'Slovenia',0.0,90.121406
1996,'South Africa',0.0,974.078843
1996,'Spain',41.88727,0.0
1996,'Sweden',142.391886,0.0
1996,'Switzerland',63.515858,0.0
1996,'Taiwan',0.0,9.333721
1996,'Thailand',0.0,1671.334558
1996,'United Arab Emirates',0.0,1.038083
1996,'United Kingdom',934.520515,0.0
1996,'United States',4595.800488,0.0
1997,'Australia',99.085271,0.0
1997,'Austria',18.810672,0.0
1997,'Belgium',35.402467,0.0
1997,'Brazil',0.0,2033.092975
1997,'Canada',114.731583,0.0
1997,'Chile',0.0,180.051006
1997,'Colombia',0.0,94.226174
1997,'Cyprus',0.0,9.602634
1997,'Czech Republic',1.1516,99.553819
1997,'Denmark',79.381953,0.0
1997,'Estonia',0.0,8.307811
1997,'Finland',28.181494,0.0
1997,'France',181.377579,0.0
1997,'Germany',782.428714,0.0
1997,'Hungary',0.0,53.047029
1997,'India',0.0,4794.906726
1997,'Italy',11.342151,0.0
1997,'Japan',10777.668538,0.0
1997,'Korea',0.0,1019.452888
1997,'Kuwait',0.0,0.530951
1997,'Latvia',0.0,22.485213
1997,'Liechtenstein',0.104054,0.0
1997,'Lithuania',0.0,20.43539
1997,'Netherlands',166.66984,0.0
1997,'Norway',71.99819,0.0
1997,'Poland',0.0,309.290589
1997,'Portugal',0.344667,0.0
1997,'Qatar',0.0,705.173409
1997,'Romania',0.0,168.02813
1997,'Saudi Arabia',0.0,2.120366
1997,'Slovak Republic',0.0,219.387257
1997,'Slovenia',0.0,7.858148
1997,'South Africa',0.0,694.29077
1997,'Spain',61.562728,0.0
1997,'Sweden',126.68684,0.0
1997,'Switzerland',101.719058,0.0
1997,'Taiwan',0.0,2.454079
1997,'Thailand',0.0,6371.021429
1997,'United Arab Emirates',0.0,1.002901
1997,'United Kingdom',734.365792,0.0
1997,'United States',3423.306503,0.0
1998,'Australia',60.046657,133.17698
1998,'Austria',17.433736,0.0
1998,'Belgium',25.11669,0.0
1998,'Brazil',0.0,1758.37421
1998,'Canada',385.748294,0.0
1998,'Chile',0.0,279.286896
1998,'Colombia',0.0,407.763235
1998,'Cyprus',0.0,0.563689
1998,'Czech Republic',0.0,120.505911
1998,'Denmark',15.650457,0.0
1998,'Estonia',0.0,20.250742
1998,'Finland',10.099793,0.0
1998,'France',218.643543,0.0
1998,'Germany',323.280491,0.0
1998,'Hungary',0.0,27.853171
1998,'India',0.0,2478.951563
1998,'Italy',24.433295,0.0
1998,'Japan',4486.462107,0.0
1998,'Korea',0.0,10.79365
1998,'Kuwait',1.107033,0.733164
1998,'Latvia',0.0,46.078691
1998,'Liechtenstein',0.098845,0.0
1998,'Lithuania',0.0,61.227246
1998,'Netherlands',127.981057,0.0
1998,'Norway',57.457846,0.0
1998,'Poland',0.0,338.02684
1998,'Portugal',0.100751,0.0
1998,'Qatar',0.0,0.582329
1998,'Romania',0.0,339.859562
1998,'Saudi Arabia',0.0,1.348961
1998,'Slovak Republic',0.0,22.763026
1998,'Slovenia',0.0,8.484412
1998,'South Africa',0.0,666.789364
1998,'Spain',56.295291,0.0
1998,'Sweden',117.64665,0.0
1998,'Switzerland',70.204297,0.0
1998,'Taiwan',0.0,0.876129
1998,'Thailand',0.0,2437.534353
1998,'United Arab Emirates',0.0,0.461121
1998,'United Kingdom',703.712023,0.0
1998,'United States',2460.766389,0.0
1999,'Australia',87.775767,0.0
1999,'Austria',27.735866,0.0
1999,'Belgium',30.505209,0.0
1999,'Brazil',0.0,1319.316622
1999,'Canada',434.102951,0.0
1999,'Chile',0.0,312.658747
1999,'Colombia',0.0,881.928095
1999,'Cyprus',0.0,19.380977
1999,'Czech Republic',0.0,82.522618
1999,'Denmark',75.309242,0.0
1999,'Estonia',0.0,9.20187
1999,'Finland',17.111953,0.0
1999,'France',195.502185,0.0
1999,'Germany',530.422355,0.0
1999,'Hungary',0.0,26.274654
1999,'India',0.0,1932.216592
1999,'Ireland',0.0,174.812788
1999,'Italy',23.505452,0.0
1999,'Japan',8630.152095,276.896345
1999,'Korea',0.0,5783.774361
1999,'Kuwait',0.0,0.868779
1999,'Latvia',0.0,10.570801
1999,'Lithuania',0.0,12.053667
1999,'Netherlands',55.292716,0.0
1999,'Norway',92.238378,0.0
1999,'Poland',0.0,377.114427
1999,'Portugal',2.099809,0.0
1999,'Qatar',0.0,0.491169
1999,'Romania',0.0,222.375326
1999,'Saudi Arabia',0.0,2722.986716
1999,'Slovak Republic',0.0,132.187615
1999,'Slovenia',0.0,12.831539
1999,'South Africa',0.0,669.943614
1999,'Spain',79.380361,0.0
1999,'Sweden',121.378837,0.0
1999,'Switzerland',104.48204,0.0
1999,'Taiwan',30.163151,603.873086
1999,'Thailand',0.0,3761.639876
1999,'United Arab Emirates',0.0,0.59552
1999,'United Kingdom',847.273116,0.0
1999,'United States',7962.084321,0.0
2000,'Australia',115.957719,0.0
2000,'Austria',41.623882,0.0
2000,'Belgium',32.342289,0.0
2000,'Brazil',0.0,1106.359401
2000,'Canada',356.912625,0.0
2000,'Chile',0.0,143.596162
2000,'Colombia',0.0,1899.134643
2000,'Cyprus',0.0,5.189473
2000,'Czech Republic',0.0,145.892164
2000,'Denmark',37.463179,0.0
2000,'Estonia',0.0,16.010329
2000,'Finland',23.911436,0.0
2000,'France',526.519855,0.0
2000,'Germany',350.983095,0.0
2000,'Hungary',0.0,29.607289
2000,'India',0.0,1141.656334
2000,'Ireland',7.976318,171.345603
2000,'Italy',34.877961,0.092408
2000,'Japan',1310.812373,0.0
2000,'Korea',0.0,444.810035
2000,'Kuwait',0.0,0.959746
2000,'Latvia',0.0,14.205663
2000,'Liechtenstein',0.380208,0.0
2000,'Lithuania',0.0,16.83658
2000,'Netherlands',106.331706,0.0
2000,'Norway',127.714893,0.0
2000,'Poland',0.0,632.761107
2000,'Portugal',2.738129,0.0
2000,'Qatar',0.0,0.673904
2000,'Romania',0.0,223.359836
2000,'Saudi Arabia',0.0,707.503988
2000,'Slovak Republic',0.0,24.767414
2000,'Slovenia',0.0,32.556545
2000,'South Africa',0.0,737.221627
2000,'Spain',59.684269,0.0
2000,'Sweden',68.464897,0.0
2000,'Switzerland',129.14668,0.184816
2000,'Taiwan',0.0,779.075653
2000,'Thailand',0.0,1792.837766
2000,'United Arab Emirates',0.0,0.628944
2000,'United Kingdom',725.259608,0.0
2000,'United States',6008.166308,0.0
2001,'Australia',99.427776,0.0
2001,'Austria',64.63085,171.695803
2001,'Belgium',31.859079,0.0
2001,'Brazil',0.0,1574.635711
2001,'Canada',349.119993,0.0
2001,'Chile',0.0,290.131143
2001,'Colombia',0.0,585.022135
2001,'Cyprus',0.0,26.26386
2001,'Czech Republic',0.530941,65.382378
2001,'Denmark',77.063923,0.0
2001,'Estonia',0.184731,24.044423
2001,'Finland',17.58687,0.0
2001,'France',621.418995,0.0
2001,'Germany',891.724108,0.0
2001,'Hungary',0.0,71.227382
2001,'India',0.0,2198.367696
2001,'Ireland',13.231961,175.063408
2001,'Italy',61.884442,0.0
2001,'Japan',1017.504389,0.0
2001,'Korea',0.0,864.874549
2001,'Kuwait',1.219994,4.044688
2001,'Latvia',0.0,22.714406
2001,'Liechtenstein',0.264468,0.0
2001,'Lithuania',0.0,30.635613
2001,'Luxembourg',4.867259,0.0
2001,'Netherlands',416.890876,0.0
2001,'Norway',209.376138,0.0
2001,'Poland',0.0,670.468736
2001,'Portugal',4.47774,0.0
2001,'Qatar',0.0,0.771977
2001,'Romania',0.0,636.869083
2001,'Saudi Arabia',0.0,5.047242
2001,'Slovak Republic',0.0,52.945385
2001,'Slovenia',0.0,13.913044
2001,'South Africa',0.0,935.444476
2001,'Spain',71.240556,0.0
2001,'Sweden',95.729319,0.0
2001,'Switzerland',93.682742,0.0
2001,'Taiwan',0.0,13.68933
2001,'Thailand',0.0,532.323112
2001,'United Arab Emirates',0.0,2.140111
2001,'United Kingdom',687.651442,0.0
2001,'United States',4136.147099,0.0
2002,'Australia',45.235182,696.882923
2002,'Austria',64.136019,249.42872
2002,'Belgium',63.495593,0.0
2002,'Brazil',0.0,1545.038937
2002,'Canada',242.075816,587.432031
2002,'Chile',0.117867,118.858994
2002,'Colombia',0.0,835.264836
2002,'Cyprus',0.0,23.150596
2002,'Czech Republic',0.156771,60.471458
2002,'Denmark',91.324907,0.0
2002,'Estonia',0.094211,8.104097
2002,'Finland',35.865984,0.0
2002,'France',534.709591,0.0
2002,'Germany',744.664103,0.0
2002,'Greece',3.051811,0.0
2002,'Hungary',0.0,46.184177
2002,'India',0.0,2324.315788
2002,'Ireland',22.971354,272.240314
2002,'Italy',31.576918,0.0
2002,'Japan',2561.928262,0.0
2002,'Korea',0.0,657.470006
2002,'Kuwait',0.0,3.03848
2002,'Latvia',0.0,23.562554
2002,'Liechtenstein',0.147592,0.010053
2002,'Lithuania',0.0,25.362242
2002,'Luxembourg',9.896164,139.320026
2002,'Netherlands',452.558367,0.0
2002,'New Zealand',3.965321,0.0
2002,'Norway',73.856084,0.0
2002,'Poland',0.0,479.506516
2002,'Portugal',7.394633,0.0
2002,'Qatar',0.0,0.220245
2002,'Romania',0.0,277.336395
2002,'Saudi Arabia',0.0,2.651835
2002,'Slovak Republic',0.0,35.860783
2002,'Slovenia',0.0,7.66365
2002,'South Africa',0.0,644.990736
2002,'Spain',76.21754,0.0
2002,'Sweden',48.750953,0.0
2002,'Switzerland',127.936461,0.024996
2002,'Taiwan',0.0,170.259619
2002,'Thailand',0.0,1205.361664
2002,'United Arab Emirates',0.0,1.783343
2002,'United Kingdom',650.113998,0.0
2002,'United States',4549.559432,0.00492
2003,'Australia',94.571888,0.0
2003,'Austria',57.940744,0.0
2003,'Belgium',58.875247,0.0
2003,'Brazil',0.0,779.392718
2003,'Canada',154.336187,0.0
2003,'Chile',0.032051,74.584206
2003,'Colombia',0.0,1086.177861
2003,'Cyprus',0.0,9.421124
2003,'Czech Republic',0.247942,45.608312
2003,'Denmark',57.028037,0.0
2003,'Estonia',0.0,15.925093
2003,'Finland',19.462895,0.0
2003,'France',507.020648,0.0
2003,'Germany',717.917759,0.0
2003,'Greece',9.823209,0.0
2003,'Hungary',0.0,68.59556
2003,'India',0.0,2616.814261
2003,'Ireland',27.083746,0.0
2003,'Italy',15.582599,0.035589
2003,'Japan',2147.321397,0.0
2003,'Korea',0.0,117.959852
2003,'Kuwait',0.0,0.819946
2003,'Latvia',0.0,15.787761
2003,'Liechtenstein',0.544967,0.0
2003,'Lithuania',0.0,33.18147
2003,'Luxembourg',0.830472,0.0
2003,'Netherlands',212.985661,0.0
2003,'New Zealand',5.429394,0.0
2003,'Norway',38.448603,0.0
2003,'Poland',0.0,492.707038
2003,'Portugal',1.051124,0.0
2003,'Qatar',0.0,0.324759
2003,'Romania',0.0,202.807923
2003,'Saudi Arabia',0.0,8.73563
2003,'Slovak Republic',0.0,41.479968
2003,'Slovenia',0.0,6.291746
2003,'South Africa',0.0,608.58139
2003,'Spain',134.313618,0.0
2003,'Sweden',109.071656,0.0
2003,'Switzerland',65.840038,0.019468
2003,'Taiwan',0.0,15.103689
2003,'Thailand',0.0,289.796785
2003,'United Arab Emirates',0.0,2.325618
2003,'United Kingdom',838.243526,0.0
2003,'United States',1258.474359,0.0
2004,'Australia',17.25677,0.0
2004,'Austria',46.22825,0.001508
2004,'Belgium',52.561101,0.0
2004,'Brazil',0.0,646.604536
2004,'Canada',172.189837,0.0
2004,'Chile',0.037923,86.00468
2004,'Colombia',0.0,951.773147
2004,'Cyprus',0.0,24.632806
2004,'Czech Republic',0.0,41.237106
2004,'Denmark',25.482007,0.0
2004,'Estonia',0.0,19.139015
2004,'Finland',23.784055,0.0
2004,'France',596.317633,0.0
2004,'Germany',757.859065,0.031462
2004,'Greece',0.87506,0.0
2004,'Hungary',0.0,53.86124
2004,'India',0.0,2884.18263
2004,'Ireland',23.980282,0.0
2004,'Italy',65.385193,0.0
2004,'Japan',2545.515962,0.0
2004,'Korea',0.0,142.941011
2004,'Kuwait',0.0,2.097489
2004,'Latvia',0.0,15.622106
2004,'Liechtenstein',0.216815,0.0
2004,'Lithuania',0.0,30.341902
2004,'Luxembourg',10.034092,0.0
2004,'Netherlands',91.745692,0.0
2004,'New Zealand',5.34291,0.0
2004,'Norway',41.531404,0.0
2004,'Poland',0.0,428.513747
2004,'Portugal',2.805269,0.0
2004,'Qatar',0.0,1.458916
2004,'Romania',0.0,198.721214
2004,'Saudi Arabia',0.0,12.603354
2004,'Slovak Republic',0.0,33.775543
2004,'Slovenia',0.0,12.414136
2004,'South Africa',0.0,540.700003
2004,'Spain',62.843645,0.0
2004,'Sweden',58.723484,0.0
2004,'Switzerland',61.749696,0.0
2004,'Taiwan',0.0,17.88829
2004,'Thailand',0.0,722.23235
2004,'United Arab Emirates',0.0,3.45169
2004,'United Kingdom',879.59586,0.0
2004,'United States',1328.167876,0.0
2005,'Australia',28.92769,0.0
2005,'Austria',17.870615,0.127534
2005,'Belgium',48.285276,0.0
2005,'Brazil',0.0,723.697976
2005,'Canada',66.617166,0.0
2005,'Chile',0.049967,73.415885
2005,'Colombia',0.0,1056.910201
2005,'Cyprus',0.005599,0.0
2005,'Czech Republic',0.119901,0.046801
2005,'Denmark',125.145775,0.0
2005,'Finland',50.908114,0.0
2005,'France',275.332592,0.0
2005,'Germany',846.945037,0.0
2005,'Greece',3.084323,0.0
2005,'Hungary',0.254145,0.0
2005,'India',0.0,3340.560624
2005,'Ireland',28.639372,0.0
2005,'Italy',69.732388,0.0
2005,'Japan',2566.817614,0.0
2005,'Liechtenstein',0.494415,0.051947
2005,'Luxembourg',13.121625,0.0
2005,'Netherlands',233.003711,0.0
2005,'New Zealand',5.156674,0.0
2005,'Norway',83.655835,0.0
2005,'Portugal',2.827761,0.0
2005,'Romania',0.0,0.278521
2005,'Saudi Arabia',0.0,9.206877
2005,'Slovak Republic',0.326093,0.0
2005,'South Africa',0.0,927.379768
2005,'Spain',81.547019,0.0
2005,'Sweden',89.823816,0.0
2005,'Switzerland',70.896849,0.097503
2005,'Thailand',0.0,750.726362
2005,'United Kingdom',822.343669,0.0
2005,'United States',1350.566958,0.0
2006,'Australia',27.058214,0.0
2006,'Austria',8.003253,0.0
2006,'Belgium',58.458568,0.0
2006,'Brazil',0.0,473.262403
2006,'Canada',60.308595,0.0
2006,'Chile',0.129055,53.907751
2006,'Colombia',0.0,1617.817757
2006,'Czech Republic',0.91807,0.0
2006,'Denmark',10.170167,0.0
2006,'Finland',25.456746,0.07367
2006,'France',464.260209,0.0
2006,'Germany',664.320505,0.0
2006,'Greece',2.803352,0.0
2006,'India',0.0,4144.135136
2006,'Ireland',28.942598,0.0
2006,'Italy',28.923679,0.0
2006,'Japan',2542.330417,0.0
2006,'Korea',331.823583,0.0
2006,'Liechtenstein',0.121077,0.0
2006,'Luxembourg',9.045047,0.0
2006,'Monaco',0.119315,0.0
2006,'Netherlands',98.616009,0.0
2006,'New Zealand',4.39062,0.0
2006,'Norway',324.841794,0.0
2006,'Portugal',2.556983,0.0
2006,'Saudi Arabia',0.0,14.209342
2006,'Slovenia',0.0,0.074572
2006,'South Africa',0.0,853.103554
2006,'Spain',102.707597,0.0
2006,'Sweden',48.832575,0.0
2006,'Switzerland',43.757262,0.0
2006,'Taiwan',6.324571,0.0
2006,'Thailand',0.0,475.487975
2006,'United Kingdom',800.91488,0.0
2006,'United States',1935.937419,0.0
2007,'Australia',13.864351,0.0
2007,'Austria',11.550522,0.0
2007,'Belgium',33.187081,0.0
2007,'Brazil',0.050889,424.59665
2007,'Canada',62.686742,0.0
2007,'Chile',0.056833,114.94096
2007,'Colombia',0.077466,800.292991
2007,'Cyprus',0.0,0.004469
2007,'Denmark',21.329239,0.0
2007,'Finland',19.52299,0.0
2007,'France',401.771684,0.0
2007,'Germany',977.570017,0.028702
2007,'Greece',3.0822,0.0
2007,'Hungary',0.002747,0.021733
2007,'India',0.0,5386.224705
2007,'Ireland',28.202952,0.0
2007,'Italy',33.580751,0.0
2007,'Japan',3544.215397,0.0
2007,'Korea',305.841026,0.0
2007,'Liechtenstein',0.19917,0.0
2007,'Luxembourg',8.883735,0.0
2007,'Monaco',0.264319,0.0
2007,'Netherlands',121.033675,0.0
2007,'New Zealand',4.179628,0.0
2007,'Norway',116.693404,0.0
2007,'Poland',0.0,0.054102
2007,'Portugal',4.973178,0.0
2007,'Qatar',104.519053,0.0
2007,'Romania',0.0,0.09738
2007,'Saudi Arabia',0.0,16.462193
2007,'Slovenia',0.0,0.105426
2007,'South Africa',0.0,1070.653291
2007,'Spain',118.856065,0.0
2007,'Sweden',45.89052,0.0
2007,'Switzerland',51.309531,0.0
2007,'Taiwan',0.375139,0.0
2007,'Thailand',0.004469,246.621101
2007,'United Kingdom',1019.400656,0.0
2007,'United States',1111.447327,104.519053
2008,'Australia',18.754564,0.0
2008,'Austria',6.949094,0.0
2008,'Belgium',53.059381,0.0
2008,'Brazil',0.16887,575.890217
2008,'Canada',75.865089,0.055468
2008,'Chile',0.01028,275.383474
2008,'Colombia',0.006798,1190.054198
2008,'Czech Republic',0.230219,0.0
2008,'Denmark',16.290834,0.0
2008,'Finland',39.238852,0.0
2008,'France',246.968178,0.008227
2008,'Germany',1168.597647,0.0
2008,'Greece',2.542149,0.0
2008,'Hungary',0.06766,0.0
2008,'India',0.0,5044.559917
2008,'Ireland',34.965187,0.0
2008,'Italy',38.676392,0.0
2008,'Japan',4531.094069,0.0
2008,'Korea',57.406444,0.0
2008,'Liechtenstein',0.138191,0.066713
2008,'Luxembourg',9.669591,0.0
2008,'Monaco',0.557753,0.0
2008,'Netherlands',69.615673,0.0
2008,'New Zealand',4.836516,0.0
2008,'Norway',58.648457,0.0
2008,'Portugal',2.596175,0.113058
2008,'Romania',0.0,0.012192
2008,'Saudi Arabia',0.0,0.348667
2008,'Slovenia',0.0,0.105521
2008,'South Africa',0.0,1148.281785
2008,'Spain',152.422527,0.0
2008,'Sweden',40.720968,0.0
2008,'Switzerland',39.32455,0.0
2008,'Taiwan',0.348667,0.0
2008,'Thailand',0.0,938.244893
2008,'United Kingdom',788.164298,0.0
2008,'United States',1715.190276,0.001019
2009,'Australia',17.680084,0.0
2009,'Austria',7.871776,0.0
2009,'Belgium',42.809116,0.0
2009,'Brazil',0.0,783.901399
2009,'Canada',74.116591,0.0
2009,'Chile',0.040764,136.810686
2009,'Colombia',0.0,1279.008966
2009,'Czech Republic',0.397563,0.0
2009,'Denmark',6.819444,0.0
2009,'Finland',64.703548,0.0
2009,'France',443.827383,0.0
2009,'Germany',1270.80324,0.0
2009,'Greece',2.070017,0.0
2009,'India',0.0,3706.828324
2009,'Ireland',21.707708,0.0
2009,'Italy',53.93621,0.0
2009,'Japan',2645.297987,0.0
2009,'Korea',168.844005,0.0
2009,'Luxembourg',9.324881,0.0
2009,'Netherlands',107.803997,0.0
2009,'New Zealand',4.720299,0.0
2009,'Norway',237.828698,0.0
2009,'Portugal',2.079818,0.0
2009,'Saudi Arabia',0.0,0.327156
2009,'Slovak Republic',0.014202,0.0
2009,'South Africa',0.0,1281.799284
2009,'Spain',238.613474,0.0
2009,'Sweden',76.554392,0.0
2009,'Switzerland',53.471939,0.0
2009,'Taiwan',0.327156,0.014202
2009,'Thailand',0.0,1038.513059
2009,'United Kingdom',979.674038,0.0
2009,'United States',1695.864746,0.0
2010,'Australia',32.806019,0.0
2010,'Austria',8.224524,0.0
2010,'Belgium',41.446751,0.0
2010,'Brazil',0.914681,1059.210583
2010,'Canada',66.543586,0.0
2010,'Chile',0.089609,120.087929
2010,'Colombia',0.106531,1128.442346
2010,'Denmark',21.438651,0.0
2010,'Finland',20.23896,0.0
2010,'France',479.271279,0.0
2010,'Germany',866.568253,0.0
2010,'Greece',2.151692,0.0
2010,'Hungary',0.0,0.014132
2010,'India',0.0,3826.639675
2010,'Ireland',15.971582,0.0
2010,'Italy',40.421158,0.0
2010,'Japan',3428.196179,0.124673
2010,'Korea',9.94645,0.0
2010,'Luxembourg',9.81228,0.0
2010,'Netherlands',55.471821,0.0
2010,'New Zealand',3.518946,0.0
2010,'Norway',323.665853,0.0
2010,'Portugal',9.121622,0.0
2010,'Saudi Arabia',0.0,0.352548
2010,'Slovak Republic',0.014132,0.0
2010,'Slovenia',0.13572,0.0
2010,'South Africa',0.0,971.208512
2010,'Spain',128.037041,0.0
2010,'Sweden',94.79024,0.0
2010,'Switzerland',53.676771,0.0
2010,'Taiwan',0.287807,0.0
2010,'Thailand',0.020992,560.953853
2010,'United Arab Emirates',1.109303,0.0
2010,'United Kingdom',435.982774,0.0
2010,'United States',1517.053044,0.0
2011,'Australia',41.545539,0.0
2011,'Austria',5.945013,0.0
2011,'Belgium',47.828984,0.0
2011,'Brazil',0.0,1013.210831
2011,'Canada',49.79817,0.0
2011,'Chile',0.0,63.814172
2011,'Colombia',0.0,749.156157
2011,'Czech Republic',0.164099,0.0
2011,'Denmark',33.654018,0.0
2011,'Finland',34.660814,0.0
2011,'France',385.580197,0.0
2011,'Germany',1400.378605,0.0
2011,'Greece',1.740617,0.0
2011,'India',0.0,3652.445742
2011,'Ireland',16.164777,0.0
2011,'Italy',49.349085,0.0
2011,'Japan',2635.586602,0.0
2011,'Korea',11.082508,0.0
2011,'Luxembourg',9.920871,0.0
2011,'Netherlands',19.530662,0.0
2011,'New Zealand',3.623798,0.0
2011,'Norway',268.584661,0.0
2011,'Portugal',9.036429,0.0
2011,'Saudi Arabia',0.0,0.282125
2011,'South Africa',0.0,943.390545
2011,'Spain',100.140152,0.0
2011,'Sweden',57.386226,0.0
2011,'Switzerland',39.344798,0.0
2011,'Taiwan',0.282125,0.0
2011,'Thailand',0.0,196.842375
2011,'United Arab Emirates',0.590706,0.0
2011,'United Kingdom',238.230871,0.0
2011,'United States',1158.99162,0.0
2012,'Australia',55.649016,0.0
2012,'Austria',9.369281,0.0
2012,'Belgium',35.76794,0.0
2012,'Brazil',0.0,2443.208137
2012,'Canada',59.322273,0.0
2012,'Chile',0.0,72.80172
2012,'Colombia',0.0,1009.768225
2012,'Czech Republic',0.165238,0.0
2012,'Denmark',14.988225,0.0
2012,'Finland',7.91171,0.0
2012,'France',1857.862442,0.0
2012,'Germany',1519.377935,0.0
2012,'Greece',1.220624,0.0
2012,'Iceland',0.039083,0.0
2012,'India',0.0,4970.365576
2012,'Ireland',14.021437,0.0
2012,'Italy',23.960216,0.0
2012,'Japan',4256.445621,0.0
2012,'Korea',16.780372,0.0
2012,'Luxembourg',8.502699,0.0
2012,'Netherlands',11.311438,0.0
2012,'New Zealand',1.722664,0.0
2012,'Norway',262.01559,0.0
2012,'Portugal',7.736231,0.0
2012,'South Africa',0.0,955.734671
2012,'Spain',55.560499,0.0
2012,'Sweden',42.966784,0.0
2012,'Switzerland',41.783411,0.0
2012,'Thailand',0.0,333.622409
2012,'United Arab Emirates',1.025431,0.0
2012,'United Kingdom',386.497679,0.0
2012,'United States',1093.496899,0.0
2013,'Australia',67.265056,0.0
2013,'Austria',7.169039,0.0
2013,'Belgium',68.317348,0.0
2013,'Brazil',0.0,703.04832
2013,'Canada',54.784201,0.0
2013,'Chile',0.0,302.293325
2013,'Colombia',0.0,1039.328005
2013,'Czech Republic',0.123152,0.0
2013,'Denmark',4.94177,0.0
2013,'Finland',13.933712,0.0
2013,'France',1247.092339,0.0
2013,'Germany',1582.596672,0.0
2013,'Greece',0.222131,0.0
2013,'Iceland',0.133418,0.0
2013,'India',0.0,4550.646147
2013,'Ireland',11.285184,0.0
2013,'Italy',23.679747,0.0
2013,'Japan',2641.200097,0.0
2013,'Korea',397.323332,0.0
2013,'Luxembourg',7.645306,0.0
2013,'Netherlands',11.055065,0.0
2013,'New Zealand',1.93833,0.0
2013,'Norway',295.017276,0.0
2013,'Poland',0.403184,0.0
2013,'Portugal',6.629414,0.0
2013,'Slovak Republic',0.041147,0.0
2013,'Slovenia',0.014308,0.0
2013,'South Africa',0.0,1350.212256
2013,'Spain',55.835945,0.0
2013,'Sweden',82.270421,0.0
2013,'Switzerland',74.744897,0.0
2013,'Thailand',0.0,259.915985
2013,'United Kingdom',490.44808,0.0
2013,'United States',1059.333467,0.0
